document_id,Cleaned_Text,sentiment
1,sure bashers pens fans pretty confused lack kind posts recent pens massacre devils actually bit puzzled bit relieved however going put end nonpittsburghers relief bit praise pens man killing devils worse thought jagr showed much better regular season stats also lot fo fun watch playoffs bowman let jagr lot fun next couple games since pens going beat pulp jersey anyway disappointed see islanders lose final regular season game pens rule,neutral
2,brother market highperformance video card supports vesa local bus mb ram anyone suggestionsideas diamond stealth pro local bus orchid farenheit ati graphics ultra pro highperformance vlb card please post email thank matt,neutral
3,finally said dream mediterranean new area greater years like holocaust numbers ist july usa sweden april still cold changed calendar nothing mentioned true let say true shall azeri women children going pay price raped killed tortured armenians hearded something called geneva convention facist ohhh forgot armenians fight nobody forgot killings rapings torture kurds turks upon time ohhhh swedish redcross workers lie ever say regional killer dont like person shoot thats policyl confused search turkish planes dont know talking turkeys government announced giving weapons azerbadjan since armenia started attack azerbadjan self karabag province search plane weapons since content announced weapons one thats confused thats right give weapons azeris since armenians started fight azerbadjan shoot armenian bread butter arms personel russian army,positive
4,think scsi card dma transfers disks scsi card dma transfers containing data scsi devices attached wants important feature scsi ability detach device frees scsi bus devices typically used multitasking os start transfers several devices device seeking data bus free commands data transfers devices ready transfer data aquire bus send data ide bus start transfer bus busy disk seeked data transfered typically ms second lock processes wanting bus irrespective transfer time,neutral
5,old jasmine drive cannot use new system understanding upsate driver modern one order gain compatability system anyone know inexpensive program seen formatters buit idea work another ancient device one tape drive back utility freezes system try use drive jasmine direct tape bought used w tapes techmar mechanism essentially question anyone know inexpensive beckup utility use system,neutral
6,back high school worked lab assistant bunch experimental psychologists bell labs visual perception memory experiments used vectortype displays millisecond refresh rates common case th sec quite practical experimenters probably sure milliseconds either steve,neutral
7,ae dallastry tech support may line one get started,neutral
8,stuff deleted ok heres solution problem move canada yesterday able watch four gamesthe njpitt abc lacal cbc buffbos tsn fox monque cbc think series goes max could watching hockey playoffs odd consecutive nights havent counted thats pure guess two tvs house set sidebyside watch monque keep eye bosbuff time two afternoon games btw abc commentaters great quite impressed seemed know audience wasnt likely wellschooled hockey lore excellent job quite impartial also imo,positive
9,yeah second one believe price ive trying get good look bruinsabre telecasts wow ever look good whoever paint job knew given fuhrs play since got bet bruins wishing didnt,positive
10,christian means someone believes divinity jesus safe say jesus christian first day christmas truelove served leftover turkey second day christmas truelove served turkey casserole made leftover turkey days deleted flaming turkey wings pizza hut commercial mtluagic bait,positive
11,blood lamb hard task cultures used animals blood sacrifices something related current postmodernism state hmm used computers cheers kent,neutral
12,say history untrustworthy behavoirsic,neutral
13,thou wilt shall whole law honestly word sin restriction would kid one mans words encompass majestic vision thousands individuals quoting man quoting order taken context words interpreted much differently one applied within confines original expression think case regarding hymenaeus beta frater superior order belong included bit merlinus x us service showed us extremes order members known go fervor little knowledge regarding reuss background surely unusual man important force order many years yet people change orders change look back carefully dirty laundry oto remember surface skim many perspectives encompassed extend beyond one individual hope show much room difference opinion within order perhaps testing limits let us examine issue bit closely karl kellner wealthy austrian industrialist paper chemist well highgrade mason founded ordo templi orientis kellner traveled widely east met three adepts instructed specific magical practices kellners efforts develop order later assisted franz hartmann heinrich klein theodore reuss worked together prior joining oto order first proclaimed reusss masonic publication oriflamme kellners death reuss succeeded outer head oho jubilee edition oriflamme published announced order taught secret sexual magic theodore reuss interesting character born june augsburg entered masonry singer journalist possibly spy prussian political police infiltrating socialist league founded karl marxs daughter husband reuss later associated william wynn westcott leader golden dawn later introduced john yarker yarker chartered reuss found rites memphis mizraim germany several attempts concretize various masonic rites reuss settled development oto order experienced reasonably steady growth reuss leadership example chartered papus france rudolph steiner berlin h spencer lewis usa historic meeting reuss crowley occurred crowley wrote reuss came accused revealing order secrets crowley looked afresh initiated interpretation sexual magick unfolded first time reuss appointed crowley supreme holy king english speaking world authorization invoked publishing material equinox reuss resigned outer head order suffering stroke named crowley successor well book law translated german break continuity order manyk members split new oho book crowley actively promulgating order earlier revise dthe order rituals reusss request deeply infusing doctrines new aeon revelation introduction history oto ad veritatem ix within equinox iii edited hymenaeus beta frater superior rex summus sanctissimus caliph united states america published samuel weiser many possible reasons frater superior included material equinox iii real point wish publish things history organization represent dogmatic threat principle thelema exercising true putting forth complex pictures easy answers picture leaves room many interpretations quite easy see example oto derived dribble faltering masonry purchased clever hucksters ounce courage writing ability aid take way present caliph whose feeble support law thelema laughable best would thrown order speaking way think frater see perspective interjection using example illustration shows may express things context larger work true significance may quite difficult apprehend first may oto merlinus x please look oto carefully support reusss words qualified assess critical pomposity member order take stand allowed continue say health order mean order gone soft abandoned moral principles mean strong ability let universal kinship arise shackled dogmatic requirement shall resolve two possibilities find high calibre individual associated ordo templi orientis often quite intelligent sometimes well versed arcane usual information quite often artists geniuses met longstanding members sf bay area many heavily involved order vouch integrity organization stands sometimes questioned policy hymenaeus beta moments followed intuition ive found little stop requesting second initiation different oto body im happily participating social groups feasts initiations come know gnostic mass well enough tastes doesnt make authority order politics explanations however hypothesize relay understand based limited contact members urge take words merlinus x far many ways interpret words many people become involved order feel strongly sanctity personal freedom preservation individual vision welcome comment issue writing response posts thread invoke stars love law love,neutral
14,kirlian imaging believe faq sciskeptics sp nice writeup would certainly supportive helping build device connect kvolt supply take serious look aura,neutral
15,notion heliocentric even galacticentric either,neutral
16,following report turkey eyes regional role ankara turkey ap april find last paragraph turanist although premier suleyman demirel criticized ozals often turanist brash calls turkish influence also spoken turanist swath turkic peoples stretching adriatic turanist sea great wall china demirel think fooling seems ends envisioned panturkic empire balkans caucasus turkeys fascist boasts preempted would suggest turkey let world feel grey wolf teeth attempt stretch adriatic china turkey cried wolf much,positive
17,many thanks replied appeal info drive rpm information modify use bbc b computer change speed rpm tried also change components recplay section allow lower data rate kbit kbit designed also change recording current allow low data raterev speed hopefully sort bad quid normally quid upwards drive jvc mdp series drive,negative
18,years ago almost became victim squirted fair amount old model teletype acting turned eruption motor starting contacts broke mighty spectacular almost got eyebrows singed plastic old ones safety glass cover platen etc flew across room several people room almost heart attacks beware explosive properties wd vapor,neutral
19,supreme court seems disagree stated people term art refering individual right explicitly mentioned second amendment example quote people seems term art employed select parts constitution preamble declares constitution ordained established people us second amendment protects right people keep bear arms supreme court us us v uerdugouriquidez furthermore miller decision permitted prosecution possession sawedoff shotgun defense presented testimony therefore accepted argument government weapons military value held amendment protected individual right possess military weapons unfortunately second amendment case successfully gotten court fifty years however change interpretation furthermore appears others disagree well vis conclusion thus inescapable history concept wording second amendment constitution united states well interpretation every major commentator court first halfcentury ratifi cation indicates protected individual right private citizen carry firearms peaceful manner report subcommittee constitution committee judiciary united states senate th congress second session february might rightfully ask well first bit militias mean well militia historical context basically means whole adult males country indeed us code still defines militia armed men age militia comprised males physically capable acting concert common defense men expected appear bearing arms supplied kind common use time supreme court united states us v miller reason phrase explain rationale behind amendment depending people bear arms defense country centralization military power could ever occur would permit tyranny short government would remain perpetually fear people rather way around free man shall ever debarred use arms strongest reason people retain right keep bear arms last resort protect tyranny government thomas jefferson proposal virginia constitution june thomas jefferson papers c j boyd ed country preserve liberties rulers warned time time people preserve spirit resistance let take arms tree liberty must refreshed time time blood patriots tyrants thomas jefferson letter william smith jefferson democracy padover ed standing army rule people must disarmed almost every kingdom europe supreme power america cannot enforce unjust laws sword whole body people armed constitute force superior bands regular troops pretense raised united states noah webster examination leading principles federal constitution pamphlets constitution united states p ford may disagree second amendment wish repealed please pretend isnt doesnt mean says might argue conditions changed longer present cant imagine away could fill book detailed argumentation many already however none anything cryptography lets get insist discussing please talkpoliticsguns people gladly discuss matter perry metzger pmetzgershearsoncom,neutral
20,ed us argue gyroscopes etc throughly understand edthe technique countersteering meincluding ones think countersteer way methrough corner edwell way decreasingradius corner anyway maybe riding around everdecreasing circle lies eventually leads truth methe official line though doubts mefront brake applied first followed rear brake idea methat avoid locking rear weight transfer takes place though unfortunately official line one adhere want get full licence examiners guidelines laid government basic rider education courses choice follow surprises none rider groups either mag bmf make much noise fact riding test requires ride three feet kerb time order pass front brake must applied rear keep looking shoulder time instead justified theres probably cant think moment riding test could rejigged bit include realworld survival skills less woefully simplistic crap contains accident figures would imho reduce still dont think include countersteering knowledge test though,neutral
21,considering buying chevy gmc x fullsize pickup extended cab opinions vehicles significant problems dick grady salem nh usa gradyworldstdcom many newsgroups little time bought brand new chevrolet k hd x extended cab last may many many problems see earler post describes situation went bbb arbitration ruled chevrolet must buy back get one stay away speed manual deep low first gear put three truck far miles overdrive either starts rattling hissing loudly way fix chevrolet says noise characteristic transmission also planning use truck tow gear ratios tranny suck steep hill get mph second gear rpm yellow line shift third rpm drop begin loose speed point v put hd gvw trucks detuned motor compared one put light duty ones dropped compression ratio supposedly engine longevity reasons light duty may pull better truck things gone wrong include ventilation fan times far paint specs rust embedded paint shipped rail covering suspension parts link stabilizer control arm fell company make bad individual car chevrolet included really bothered way reacted made attempt deal except tell take back dealer attempt fix one time bought brand new ford f hd super cab automatic never buy another chevrolet,negative
22,sorry thats feature icccm specifies app set title wm obliged bothers complain app writer write wm doesnt support icccm write program give window id title program set windows title app app changes program switches back,positive
23,dont imagine real old amiga user think take look also real amiga saw imagine amiga long time friends home ive seen rd action bitmovie riccione italy italian computer graphics contest many professionals using studio pc softimage silicon graphics imagine amiga impressed power programs sorry ive lost posting full description features great program informations give look compsysamigagraphics representative activa international told weeks amiga pc mswindows silicon indigo unix version development ciao sergio,positive
24,ive ever done automatic sitting olds winter light heard screeching behind managed dart left turn lane sliding jetta wound half half parked car beside ive never occasion bike imagine would even easier could slip beside car front giving gander mirrors light give time get clutch smoothly notice trouble instead waiting screeching,positive
25,dont know exact coverage states canada covered tsn maybe espn grab coverage dont know picks ottawa picks means almost alexander daigle go hell either stay traded montreal quebec imo would take kariya alot leadership ncaa far world championships daigle didnt show junior team san jose get kariya tampa bay either go russian kozlov think thats defenseman rob niedemeyer probably spelt last name wrong expansion wont go name blue chip prospects chris gratton chris pridham swedish player cant remember name draft order ottawa san jose tampa bay south florida anahiem south florida anahiem hartford edmonton dallas ny rangers philadelphia th thru th picks could wrong dont standings guessing mind top notch prospects draft kariya leading way going,negative
26,awst brief blurb manned lunar exploration confernce may th crystal city virginia auspices aiaa anyone know much attend anyone want go,neutral
27,reported canadian papers thursday april think source upi dont recall certain understand least two goverment investigations ordered may learn hearings tough call without investigation thermal imaging story holds think government credable course paranoia fans wont believe results anyway hear hear id also like see autopsy reports confirm news reports multiple victims found shot head positions inconsistent fire victims simply early draw conclusions either way nasty incident tend believe government side,neutral
28,using vmode command need type vmode vesa dos prompt vmode included speedstar used vesa mode autodesk animator pro,neutral
29,cad setup sale gplb local bus motherboard use mb simms kmm expansion slots bit slots bit slot weitek coprocessor socket mhz intel cpu mhz weitek math coprocessor ghost local bus et video card based tseng labs et chip design supports resolutions x interlaced noninterlaced uses ramdac allow k colors x k colors x register level compatible cga ega vga mda software drivers available symphony autocad autoshade windows wordperfect vesa emulation also contained card local bus ide controller floppy disk controller two fully configuarable serial ports parallel port game port used setup run autocad studio combination local bus weitek coprocessor made fast cad modeling work weitek coprocessor cut studio render times half sometimes also increases redraws regens modeling studio autocad everything less year old asking shipping whole package please respond via email thanks,positive
30,relativist would like answer question way phrase question makes unanswerable concepts right wrong correctincorrect truefalse belong domain epistemological rather moral questions makes sense ask moral position right wrong although legitimate ask good better another position let illustrate point looking psychological derivatives epistemology ethics perception motivation respectively one certainly ask percept right correct true veridical wrong incorrect false illusory makes little sense ask motive true false hand strange ask whether percept morally good evil one certainly ask question motives therefore suggested answers ac simply cant considered assume judge correctness moral judgment problem doublebarrelled agree first part rightness moral position meaningless question reasons stated irrelevant alleged implication implication one cannot feel peace better war certainly make value judgments bad better best without asserting correctness position sorry lengthy dismissal ad short e answer two individuals grotesquely disagree moral issue neither right correct wrong incorrect simply hold different moral values feelings,positive
31,wrote resource available consumer comparing makes models automobiles trucks vans etc survivability crash different severities also ive found little objective data comparing different vehicles handling pickup braking expected maintenance etc recall years ago consumer reports annual buyers guide much informative aspects thanks reply someone looked little found looking april cr magazine things despite recent articles ratings looked pretty good relative comparison purposes unfortunately crash test comparisons didnt include half cars im comparing anybody know honda civic hatchbacks toyota tercels fare accident,positive
32,explanations federal law enforcement officials happened waco another example survivors writing history books put best bad light dave feustel nmyi feustelnetcomcom,negative
33,anybody generated x server windows nt willing share config file tricks necessary make work thanks information,positive
34,patient sore shoulder crashing wall cards give time needs come around full time centerfielder however steal often year hitting cleanup,neutral
35,according previous poster one seek doctors assistance injections sumatriptin sp doesnt one inject oneself immediately upon onset migraine,neutral
36,way connect powerbook mac iisi personal laserwriter ls necessarily silmultaneoulsy print either iisi pb file share iisi pb know get expensive lw nt upgrade ls cant afford,neutral
37,would believe letter macweek week one hardware types digital eclipse says run tests components see perform upgraded speed desi replaces ones,neutral
38,proof entire private sector vastly inefficient blue cross government health insurance provider oops ads z magazine deleted save earth,neutral
39,david karr tue apr gmt wibbled article aprbnrca regards pub brawl might history things biker doesnt make reasonable person even dod might object joining knows history things mentioned article present irrelevant detail got drinking money cant say exactly fault sit looks like seeing results either law going way hand shoddy journalism law wants attach strings spend settlement put money trust dont would assume perfectly legitimate drink away though wouldnt spend way david karr karrcscornelledu heard newspaper article journalists editors always pick interesting sensational facts facts get way good story must noticed motorcyclists get treated press thrive hysteria ignorance sensationalism oneupmanship unfortunately theres enough salt keep taking pinch nick cynical old biker dod concise oxford leaky new gearbox mlud,positive
40,reading folks things illegally parked cars made wonder whos going carry cinder blocks bike ready serious damage key carvings etc cage ideachain lube isnt chains anymore seems reasonable permanent damage lots work get dont ask know use anywhere windshield door handles keyhole etc nasty mood im raining,positive
41,zenos paradox resolved showing integration infinite series decreasing terms sum finite result well suppose probe emitting radiation constant frequency sent towards black hole got closer event horizon red shift would keep increasing period would get longer longer would never stop observer would observe probe actually reaching event horizon detected energy probe would keep decreasing wouldnt vanish expt never quite reaches zero guess probably doesnt make things clear hopefully get general idea maybe,positive
42,looking package takes inputs set geometric objects defined unions convex polytopes specified manner say inequalities equalities determines reasonable form things like intersections unions etc etc anyone know find thing,neutral
43,oh dear time try remember chemistry lets see find formulae somewhere dim recesses mind sounds gears fumes overheated oil unmistakable stench nasal chromatograph ha knew double bond shall show ascii mek acetone c c c c c c c hydrogens shown represents double bond mek methyl ch one side ethyl ch acetone two methyls acetone methyl ethyl ketone instead dimethyl ketone solvents similar properties think mek may little less flammable lot worse breathe lot harder buy mek use acetone nail polish remover consists almost entirely acetone buy workshop get cheapest expensive kind oils perfumes dont need,neutral
44,archivename recautospart automotive articles archive server automotive archive server process rehosted presently available,neutral
45,nhls alltime leaders goals points end season much thanks joseph achkar carl notes active player player scored least one point past season points leaders follow goal leaders find mistakes please send email time nhl leading goal scorers denotes active player gordie howe dethfd wayne gretzky edmla marcel dionne detlanyr phil esposito chibosnyr bobby hull chiwpghfd mike gartner wshminnyr mike bossy nyi guy lafleur mtlnyrque johnny bucyk detbos maurice richard mtl stan mikita chi frank mahovlich tordetmtl michel goulet quechi jari kurri edmla bryan trottier nyipit gilbert perreault buf jean beliveau mtl lanny mcdonald torcolcgy jean ratelle nyrbos norm ullman dettor dino ciccarelli minwshdet darryl sittler torphidet mario lemieux pit glenn anderson edmtor alex delvecchio det mark messier edmnyr dale hawerchuk wpgbuf rick middleton nyrbos steve yzerman det peter stastny quenj rick vaive vantorchibuf joe mullen stlcgypit yvan cournoyer mtl dave taylor la steve shutt mtlla denis savard chimtl bill barber phi brian propp phibosmin gary unger tordetstlatllaedm rod gilbert nyr steve larmer chi john ogrodnick detquenyr active players bernie nicholls lanyredmnj pat lafontaine nyibuf brian bellows minmtl dave andreychuk buftor tim kerr phinyrhfd bobby smith minmtl brett hull cgystl luc robitaille la mike foligno detbuftor dave christian wpgwshbosstlchi paul coffey edmpitladet brent sutter nyichi pat verbeek njhfd ron francis hfdpit cam neely vanbos ray bourque bos bob carpenter wshnyrlabostor brent ashton vancolnjminquedetwpgboscgy doug gilmour stlcgytor rick tocchet phipit kevin dineen hfdphi tomas sandstrom nyrla dale hunter quewsh ryan walter wshmtlvan brian mullen wpgnyrsjnyi ed olczyk chitorwpgnyr kirk muller njmtl joe nieuwendyk cgy jimmy carson laedmdet time nhl scoring leaders denotes active player wayne gretzky edmla gordie howe dethfd marcel dionne detlanyr phil esposito chibosnyr stan mikita chi bryan trottier nyipit johnny bucyk detbos guy lafleur mtlnyrque gilbert perreault buf alex delvecchio det jean ratelle nyrbos mark messier edmnyr norm ullman dettor peter stastny quenj jean beliveau mtl dale hawerchuk wpgbuf bobby clarke phi paul coffey edmpitladet denis savard chimtl jari kurri edmla mario lemieux pit bobby hull chiwpghfd bernie federko stl mike bossy nyi michel goulet quechi darryl sittler torphidet mike gartner wshminnyr frank mahovlich tordetmtl ray bourque bos dave taylor la denis potvin nyi henri richard mtl steve yzerman det bobby smith minmtl rod gilbert nyr glenn anderson edmtor lanny mcdonald torcolcgy rick middleton nyrbos dave keon torhfd ron francis hfdpit bernie nicholls lanyredmnj brian propp phibosmin andy bathgate nyrtordetpit maurice richard mtl larry robinson mtlla dino ciccarelli minwshdet steve larmer chi joe mullen stlcgypit bobby orr boschi brad park nyrbosdet butch goring lanyibos bill barber phi dennis maruk calclewshmin ivan boldirev boscalchiatlvandet yvan cournoyer mtl dean prentice nyrbosdetpitmin ted lindsay detchi tom lysiak atlchi dale hunter quewsh john tonelli nyicgylachique jacques lemaire mtl larry murphy lawshminpit john ogrodnick detquenyr doug wilson chisj doug gilmour stlcgytor red kelly dettor pierre larouche pitmtlhfdnyr bernie geoffrion mtlnyr steve shutt mtlla phil housley bufwpg wilf paiment kccoltorquenyrbufpit peter mcnab bufbosvannj brian bellows minmtl dave andreychuk buftor pit martin detboschivan pat lafontaine nyibuf ken linesman phiedmbos gary unger tordetstlatllaedm ken hodgesr chibosnyr neal broten min wayne cashman bos rick vaive vantorchibuf borje salming tordet jean pronovost pitatlwsh peter mahovlich detmtlpit dave christian wpgwshbosstlchi rick kehoe torpit rick macleish phihfdpitdet thomas steen wpg active players al macinnis cgy luc robitaille la mike foligno detbuftor brent sutter nyichi mark howe hfdphidet kirk muller njmtl tim kerr phinyrhfd adam oates detstlbos randy carlyle torpitwpg ryan walter wshmtlvan pat verbeek njhfd brent ashton vancolnjminquedetwpgboscgy bob carpenter wshnyrlabostor brian mullen wpgnyrsjnyi ed olczyk chitorwpgnyr kelly kisio detnyrsj brett hull cgystl rick tocchet phipit dan quinn cgypitvanstlphimin scott stevens wshstlnj tomas sandstrom nyrla tom fergus bostorvan dave babych wpghfdvan mike ridley nyrwsh laurie boschman toredmwpgnjott keith acton mtlminedmphi murray craven detphihfd kevin dineen hfdphi rob ramage colstlcgytormintb mike krushelnyski bosedmlator gary suter cgy pierre turgeon bufnyi troy murray chiwpg cam neely vanbos geoff courtnall bosedmwshstlvan vincent damphousse toredmmtl jimmy carson laedmdet peter zezel phistlwshtor guy carbonneau mtl mark osborne detnyrtorwpg chris chelios mtlchi dave poulin phibos ray ferraro hfdnyi russ courtnall tormtlmin joe nieuwendyk cgy john maclean nj,neutral
46,belongs compwindowsxiunix ive redirected followups know fact eisa version orchid prodesigner iis works however eisa svga card likely waste money xfree comes support accelerated chipsets isa eisa vlb supported important question chipsets supported bus basically irrelevent compatibility issue david wexelblat dwexmtgzfsattcom fax att bell laboratories laurel ave f middletown nj xfree requests addressed xfreephysicssuozau,positive
47,anyone experience replacement comm driver windows called turbocomm read pcmag apr interested willing shell bucks company wants try supposedly eleminates problems occur high speed file transfer disk access made another program running time anyone procons product would inter ested hear please email address give thanks,positive
48,counterpoint sa watts per channel warm tube sound great warming cds excellent shape,positive
49,youre blowing smoke qualcomm wants sell nice lucrative overseas markets like japan ec government told dont encryption ever hope export technology reason cdma doesnt encryption gmen came aknocking qualcomms door qualcomm doesnt think us market digital cellular big enough international traffic arms regulations dont believe call qualcomm ask dont throw conspicracy theories least dont scicryptthere whole newsgroups devoted kind uninformed claptrap hah theyre much expensive besides drug dealer afford rolex mercedes darn well afford cylink phones cylink sells phones theyre willing make different stuff domestic use vs export qualcomm isnt cylink makes moneythats capitalism comrade someone someone think easy whining net instead getting butt gear writing name would become known loved dozens would require actual effort,positive
50,looking exact address symantec coporatoin distributes norton desktop windows software information looking mail address phone number fax number email address thanks advance,positive
51,trying choose resistor tolerance better need trimmer screen devices cant made adding resitors value parallel since smaller device error cope choices live error tolerance devices low q circuits low sensitivity designs b buy resistors better tolerance vishaydale c use trimmers sots selectontest,negative
52,reason limited two mentioned arent really point along suv spectrum mention price range explorer trooper blazer montero budget allows land cruiser bear mind suvs purchased never venture offroad carefully weigh tradeoff comfort offroad performance choosing one realistically decide whether youll actually make enough use offroadability sacrifice onroad comfort john,neutral
53,anything bill clinton janett reno started whole shenanigan first place disclaimer opinions expressed mine employers,neutral
54,curious would clipper chip system handle conference calls,neutral
55,dont worry theyll drop like hot potato make claim theyll make filing claim pain end leave lurch geico funded company developed lidar locals showed reluctance buy units geico started giving away know theyve given units florida highway patrol county sheriffs local governments real question hook geico ins cos tell drivers represent risk determination make receive speeding ticket one geicos lidar units drivers represent increased risk even ticket two gives opportunity raise rates equal risk called extra profits also know silly nsl almost universally ignored driving excess nsl gets ticket increase rates points license doesnt make riskier driver insure like sound like people thought scheme go geico,neutral
56,rule thumb dont give rides people wear bigger helmet unless taste runs way familyfriends gee reminds dancer hull river ottowa saw years ago would bought bigger helmet even bike anything else wanted,neutral
57,oh bobby youre priceless ever tell policy bobbys posts anyone give damn flick thread high speed searching posts bobbys generated whole pile followups go extract hilarious quote inevitably present sig purposes works guy said hes arrived asked whether bobbys real betcha welcome altatheism rest assured gets worse pearls wisdom bobby reproduce anyone keith keeping big file stuff allahs infinite wisdom universe created nothing saying became therefore allah exists bobby mozumder proving existence allah wait said humans rarely reasonable doesnt contradict atheism everything explained logic reason contradiction atheism proves false bobby mozumder proving existence allah plus believer would contradictory quran allah exist bobby mozumder proving existence allah one thing relates among navy men get tatoos say mom love mom makes virile men compare homos raised study get point bobby mozumder islamically rigorous altatheism mmmmm quality quantity new voice islam pbuh cheers simon,neutral
58,numbers kind benchmark want let start dx specint specfp numbers pentium mhz specint specfp powerpc mhz specint specfp note alpha mhz specint specfp comparison clockdoubled system isnt doubling performance quite significant maybe increase performance besides wait state performance youd need cache anyway mean uses processor runs speed ns simms note memory speed corresponds clock speed mhz numbers ravikumar venkateswar rvenkateuiucedu,neutral
59,definitely jr bob dobbs numero uno top dog one touch one knock bob box bob kills mon everyday close el segundo el subliminal infamous paul birthname saul evangeline became famous result numerous trampoline act tours eastern mediterranean,neutral
60,word warning though kryptonite also sells almost useless cable locks kryptonite name obtained second motorcycle migrated one kryptonite ulocks bicycle new bike went shopping new lock bicycle money choice kryptonite cable lock advantages lock front back wheels bicycle keep kryptonite name cheesy noname ulock advantages real steel chose kryptonite cable less week took back disgust exchanged cheesy noname ulock first krypto cable bought made kryptonite covered kryptonite guarantee doesnt even approach kryptonite standards quality quality assurance generic madeintaiwan cable lock kryptonite name secondly latch engagement mechanism something joke dont know mine particularly poor example often quite frustrating get latch positively engage sometimes would seem engage fall open went unlock thirdly lock little plastic door keyway serves sole purpose frustrating attempt insert key dark didnt try obviously doubts lock mechanism would stand insert screwdriver torque attack fourthly cable opinion sufficient thickness deter theft piece crap bicycle cables suffer weakness cut strands time patient cut cables fingernail clippers aviation snips would go cable well minute,neutral
61,dont buy think things colored large degree preconceived notions players involved try exercise xxx pitching today team scores first inning fourth xxx gives st th fifth gives runs th gives score xxxs team still top contend xxx jack morris assessment would gutty veteran pitches well win xxx mike trmbley assessment would inexperienced rookie doesnt know pitch needs seasoning send aaa spice rack,positive
62,completed would dispose channel going play sounds soon trying write game shouldnt using sndplay instead make channel use buffercmds play sounds works great add callbacks channel also let know channel getting empty gets empty callbacks reliable found reliable even system continuous background sound interrupting sound effects system imv documentation probably cancelling callback commands channels course didnt get called general problems sounds working play one per channel close channel related slowdown play one dont work adding one synthesizer channel possibly one multiple times might calling sndplay preexisting channel sound resource adds sampled sound synthesizer channel first thing plays sampled sounds command start need resedit sound remove command create channel specify sampled sound synthesizer channels synth use asynch sndplays want youll probably want switch buffercmds since going use snddocommand anyway add callbacks go ahead tell full sound manager doesnt work games remember spectre uses works great spectre spare cpu time one little disclaimer say sound manager iisi cant made work right im sure either way know sure make sounds work correctly every machine using sound manager,positive
63,currently using povray mac wondering anyone netland knows public domain antialiasing utilities skip step pov slow machine suggestions opinions posttrace antialiasing would greatly appreciated,positive
64,initial references best regards walter inproceedingskeirouzetal author walid keirouz jahir pabon robert young title integrating parametric geometry features variational modeling conceptual design booktitle international conference design theory methodology year editor j r rinderle pages organization american society mechanical engineers asme optpublisher optaddress optmonth note proceedings inproceedingsyamaguchikimura author yasushi yamaguchi fumihiko kimura title constraint modeling system variational geometry booktitle geometric modeling product engineering year editor michael j wozny j u turner k preiss pages organization ifip publisher elsevier science publishers bv northholland amsterdam netherlands optaddress optmonth note selected expanded papers form ifip wg nsf working conference geometric modeling rensselaerville ny usa september inproceedingschungetal author jack c h chung joseph w klahs robert l cook thijs sluiter title implementation issues variational geometry constraint management booktitle third international conference cadcam robotics factories future cars fof year opteditor optpages optorganization optpublisher address detroit michigan usa month august note proceedings probably springerverlag berlinheidelberg articlekimuraetal author fumihiko kimura hiromasa suzuki toshio sata title variational product design constraint propagation satisfaction product modelling journal annals cirp year volume number pages optmonth note probably international institution production engineering research articlekimuraetal author f kimura h suzuki h ando sato kinosada title variational geometry based logical constraints applications product modelling journal annals cirp year volume number pages inproceedingschungschussel author jack ch chung martin schussel title comparison variational parametric design booktitle autofact year opteditor pages optorganization optpublisher address detroit michigan usa month october november note conference proceedings articlepabonetal author jahir pabon robert young walid keirouz title integrating parametric geometry features variational modeling conceptual design journal international journal systems automation research applications sara year volume optnumber pages optmonth optnote articlekondo author koichi kondo title pigmod parametric interactive geometric modeller mechanical design journal cad computeraided design year volume number pages month december note butterworthheinemann ltd inproceedingszaliketala author borut vzalik nikola guid aleksander vesel title parametric design using constraint description graph booktitle cad neue konzepte zur realisierung anwendungsorientierter cadsysteme year editor franklothar krause detlev ruland helmut jansen pages optorganization publisher informatik aktuell springerverlag berlinheidelberg optaddress month mai note gifachtagung berlin,positive
65,kaan hell guy david davidian think talks much alterego kaan yo david would better shut f ok ok going come get kaan dont like attitute full lies shit united states refer freedom speech dont like write either prove wrong shut simply fade away kaan didnt hear saying dont mess turc ask going going submit bodily harm going kill going torture kaan see ya hell wrong kaan timucin translate lines turkish english embarrassing turkish shouldnt written first place dont kill messenger,negative
66,dont know classified seem remember unless youre authorized govt illegal tempestshield equipment besides effective tempestshielding much difficult might think hi jim ra roguecsneuedu rogue agentsod,neutral
67,well dave would disagree satan could team id happy long oilers stayed edmonton selfish true dont want see oilers move matter owner,neutral
68,way david government totally control whether realize know find painful think old buddy uncle sam evil true democracies fallen way kneejerk sheep instinctively trust government helping slide power corrupts david hard understand,neutral
69,hi netlanders anybody know something like macintosh hypercard unix platform thanks advance,neutral
70,went back looked review claim significant differences manipulating meg test file smaller files two platforms david,neutral
71,need help multi port serial board unknown origin im hoping someone knows board even better various switches jumbers used anyway heres description card bit card although noticed none contacts bit extension connected anything nsan chips sockets corresponding connecters labeled com com also external female connector pins banks switches banks switches jumpers believe determined following traces sw sw switches control interrupt level com ports sw irq sw irq sw irq switches beyond meager ability follow identification printed board multi serial port board across bottom box serial number blank immediately words serial box left sn numbers anyone clues help greatly appreciated,positive
72,right lets hope get rear ends something un clearly content sit,neutral
73,following cds id like sell mod gross misconduct metal giants early metal compilation including aerosmith mountain blue oyster cult judus priest etc metal church blessings disguise excellent slayer hell awaits anthrax among living whiplash power pain dream theater images words pull exodus fabulous disaster heavy death angel ultra violence hard find cds excellent condition scratches skips checking several similar articles seems going rate hence cds postage paid please email interested rarely read groups ill ship asap receiving cash check money order email snailmail address,positive
74,question comes frequently enough faq,neutral
75,convenient seems appropriate crossposted altconspiracy assuming favorable interpretation degree measurement temperature centigrade rather common us fahrenheit still laboring least misconceptions seem believe steel melts somewhere around c actually melting point iron alloys steels iron alloys neighborhood c even gun found area achieved c temperature steel parts gun would deformed would still trivial identify nature weapon fire isothermal process hot spots cold spots though cold purely relative term weapon necessarily situated hot spot seem imply even would melted anyway,neutral
76,phil didnt one early jet fighters also think phil germans work wwii naca came world war ii nasa directly descended naca space added youll notice didnt mention sweep wings even though x tested whats dryden steal one dirctly germans difference swept wings dont change angle sweep sweep wings perhaps similarity names caused confusion swept wings fs sweep wings phil lot also done military nasa aerodynamicists proposed nasa test teams demonstrated richard whitcomb rt jones langley research center giants field dryden involved flight testing winglets area ruling respectively true used military aircraft testbeds kc yf availability need military involvement yf completely kc bailed us air force course interested results supportive efforts dryden flew first digital fly wire aircraft mechnaical analog backup show confident general dynamics decided make f flybywire saw successful mind avro arrow x flybywire aircraft much earlier analog phil egad im disagreeing mary shafer nasa habit acquiring secondhand military aircraft using testbeds make things kind confusing hand secondhand navy planes give test pilots chance fold wingssomething pilots edwards air force base cant,positive
77,believe devils islanders got points say example another team record points total islanders devils records simple arithmetics involve calculus,neutral
78,dont think question os xx run windows yy apps important question subsequent os versions continue run apps subsequent windows versions future keep future os run windows apps ole complex sign things come fall believe ibm longer rights view microsoft code way maintain sort compatibility reverseengineer would want reverseengineer ole application,positive
79,subject pretty much says im looking johnny harts creator bc comic stip mailing address havent seen take look strips good friday easter sunday remarkable witness anyone help get touch id really appreciate ive contacted paper carries strip theyll get back thanks help dave arndt st peters evangelical lutheran church st peter mn,positive
80,well think whenever espn covers game wonderful job dont understand cut ot show stupid baseball news important waited scores comeon sportscenter talk baseball basketball football showed penguine highlight went back stupid basketball finally showed highlight ot goal like sec think give attention nhl playoffs talking boring basketball games guess nhls fault leaving espn hope things improve next season cobra,neutral
81,yes radar detectors less detectable radar detector detectors,neutral
82,cares typos meaningless synthetic names cars named person eg honda id respectful wrong gs sc use straight sixes es uses v giant like toyota afford v inline lineup wont last long,negative
83,aything available x similar quickeys macintosh something allow store playback sequences keystrokes menu selections mouse actions directing towards another application could someone send information availability hard think might send input x applications hopefully deal responses appropriately application going take seconds process probably wait complete sending another command thanks,neutral
84,article aprprincetonedu fuchstsarprincetonedu ira h fuchs generally corrosion signal time send recyclers youre desperate cheap try baking soda wire brush use gloves goggles please,neutral
85,well using home office bought arounde dont know data fax feature use voic mail box really liked,neutral
86,let word christ dwell richly teach admonish one another wisdom sing psalms hymns spiritual songs gratitude hearts god colossians reminder verses new international version translation faithfulness original hebrew greek may vary time time verse sounds little occasionally compare another translation original texts able,neutral
87,feel free patronize like need tips seriously insulted apologize people sucking government decide things government says plausible especially refuse consider reasonable alternatives however saw plastered tv news last night longer necessary independent thinker depart governments party line looks like independent press may actually starting earn clothes allowance good sign hope continues independent thinkers question authority situation one set facts presented coming conclusion hallmark independent thinker unless coupled ability challenge facts critically scientific method consists choosing popular hypothesis even choosing two hypotheses people proposed,positive
88,srebrenicas doctor recounts towns living hell laura pitter tuzla bosnia reuter neret mujanovic pathologist trekked mountains besieged muslim town srebrenica last august treating mangled victims bosnias bloody war considers surgeon im surgeon great experience although license practice operate person lives normally thats greatest license surgeon could evacuated un week home town tuzla muslim physician gave eyewitness medical assessment horrors yearlong serb siege srebrenica suffering thousands trapped lived hell together people srebrenica lived greatest heroes humanity produce told reporters mujanovic practiced two months assistant local hospital tuzla going srebrenica never performed surgical operation says performed major surgery times relying books guidance amputating arms legs times usually without anesthetic delivering babies performing four cesarean sections worked tohour days slept hospital first weeks arrival last aug treated patients arrived making trek mountains foot tuzla miles northwest srebrenica people carried supplies soldiers guided protected guerrilla terrain said worst memory days ago seven serb shells landed within one minute area half size football field killing people immediately wounding half dead women children people come rare day sunshine children playing soccer warning blood flowed like river street said pieces women around could piece together one woman holding two children hands lying ground dead heads mujanovic arrived supplies conditions deplorable said many deaths could prevented hospital surgical tools facilities medicine six general practitioners operating arrived even less surgical experience didnt know basic principles amputating limbs arrived situation improved said midseptember run supplies bandages washed boiled five times sometimes falling apart hands said doctors anesthetic could give patients alcohol numb pain increased bleeding people completely conscious amputations stomach operations said blood transfusions impossible facilities test blood types felt destroyed psychologically mujanovic said situation improved dec convoy arrived belgian medical group medecins sans frontieres mujanovic said military predicament worsened middecember bosnian serbs began major offensive region every day air strikes shellings hunger set middecember midmarch us planes began air dropping food people dying every day complications associated malnutrition said know sure air drop operation saved people massive death hunger starvation said according mujanovic around people died srebrenica children year siege mujanovic plans return srebrenica three weeks visiting wife ill tuzla say im hero said thousands people standing sides road crying waving left cried,positive
89,dunno newpaper article read didnt say wondering thing rather doubt,neutral
90,first ceremonial law extrascriptural term sometimes used framework view scripture look collosions without going assumption sabbath cannot ceremonial law see refer sabbath us cross therefore judged food eat drink keeping new moons holy days keeping sabbath word sabbath verse sabbaton used throughout new testament refer th day scripture get idea ceremonial law one sabbath listed among ceremonial laws one goes fundamental assumption sabbath cannot ceremonial law find way around like saying refer sabbath holy days besides th day sabbath cannot ceremonial law paul careful letters add kind parenthetcal statement anything seen liscence sin writings also sabbath absent epistles except hebrews talks rest comes faith surely would big problem first century christians living society rest th day especially slaves many new converst slaves would difficult slaves rest sabbath mandatory mention epistles,negative
91,yes ivan rodriguez last year batted threw baserunners shabby rookie aa years old last year,neutral
92,,neutral
93,pastortalk weekly dialogue local pastor news day carl gene wilkes startext mc compuserve internet compuservecom weeks thoughts last week supreme court refused without comment hear appeal rensselaer school officials desiring distribution bibles public schools rel lower court banned local gideons international bible distribution group passing bibles fifthgraders aclus barry lynn quoted saying courts action protected religious neutrality public schools also said schools must serve students faiths none schools bazaar rival religious groups compete converts according lynn several gideons men responsible putting bibles hospitals hotels members church tell similar stories allowed distribute bibles sidewalks around schools cannot go inside schools tell mild harassment parents want children receiving bible stranger willing continue work distance find schools position somewhat disheartening understand rationally logically courts position see sense fairness groups hand neutrality become nihilism plurality turn position see couple ironies one pass condoms bibles schools think one moment seeking religious neutrality schools countries like russiawho way practiced religious neutrality past seventy yearsare making bible part public school curriculum st petersburg march church worked trained public school teachers teach bible government requested hundreds recently heard medical doctor president gideon chapter moscow tell eagerly invited university moscow distribute bibles students given class time explain contents remember seeing photograph doctor holding bible speaking university students standing statue lenin thats ironic admit two things pluralistic society faiths equal footing country founded allow every group school grounds could create bazaarlike atmosphere city must work inclusive religions provide hearing know said twothe vitality religious faith dependent upon whether public arena acknowledges valid howeverand knew comingi believe disallowing distribution bible lawabiding caring adults schools signals cultures movement away singular base individuals nation make moral ethical decisions think mail box let know want print letter name good column time coverstory teen sexuality agree moral education home homes dont kinds morals want taught one family worked smoked dope primary family activity another acted like incest ok families matter often lot sicker wed like believe john hightower mc john agree home aint used homes place learn valuebased sexuality still believe church come play know families speak may come church seek information help need church buildingi believe youth families mentioned probably disregard valuefree information school,positive
94,friend ati graphic ultra display adaptors reasonably good performers irritating compatibility problems ati drivers ready change something faster compatible windows heard rumblings new orchid card fast anyone experience card currently available fast compatible xx non interlaced cost ken keirnan,positive
95,owieneramus always stick asalasdpaarf made nose every discussion nonpoints lies well still anxiously awaiting source cemal kutay ottoman empire vol ii p atrocities massacres committed long time muslim population within armenian republic confirmed accurate information observations made rawlinson british representative erzurum confirmed atrocities committed armenians united states delegation general harbord seen thousands refugees came take refuge kazim karabekirs soldiers hungry miserable children wives properties destroyed delegation witness cruelties many muslim villages destroyed soldiers armenian troops armed cannons machine guns eyes karabekirs troops people hoped operation would end unfortunately since beginning february cruelties inflicted muslim population region shuraghel akpazar zarshad childir increased according documented information muslim villages destroyed aforementioned region people slaughtered many possessions livestock seized young muslim women taken kars gumru thousands women children able flee villages beaten raped massacred mountains aggression properties lives chastity honour muslims continued responsibility armenian government cruelties massacres stopped order alleviate tensions muslim public opinion due atrocities committed armenians possessions taken muslims returned indemnities paid properties lives honour muslims protected serdar argic,neutral
96,discussing use irq put little differently irq de facto standard interrupt assigned used printer adapter announce completion activity dos doesnt monitor irq uses means determine time send another byte printer hardware printer adapters ability disable use irq usually merely breaking connection isa pin associated driver adapters control irq line tristate driver programming leave highimpedence mode unfortunately lot adapter cards use bistate drivers ie either assert high assert low irq lines rather tristate drivers assert high assert low dont assert anything presence card irq line precludes use irq adapter unless physically disconnected jumper incidentally note theres requirement card hold irq line low interrupt desired true would somehow tie unconnected irq lines certainly isnt requirement nondos operating systems os nt various unices whatever proper plural unix might require use irq performance reasons sb alas one cards uses bistate drivers,neutral
97,hi last question year mailorder noname notebook meg ram never problems huge ramdisk running desqview win ww constantly crash commonly citing memory parity error thing turn reboot cmos ticks counts memory every startup never problem either could bug windows copy instead hardware remember disk error problems installing change could make lessen frequency likelyhood happening think win vs win produce different crashes crash frequently nonetheless,positive
98,hey man spent past season learning skate played couple sessions mock hockey im ready invest hockey equipment particularly since taking summer hockey lessons however completely profoundly ignorant comes hockey equipment ive checked local stores looked catalogs hoping solicit opinionssuggestions actually plunking money played football high school college least equipment basis comparison example advantagesdisadvantages different kinds shoulder pads pantsgirdles notoriously bad unsafe brands styles etc suggestions comments would greatly appreciated,positive
99,anyone publically considered possibility fires set defence instead suicide destruction confusion caused tanks gas caused things get bds control spending programs investments taxes contributions people say need dictionary dan quayle,neutral
100,opened distribution,neutral
